population,model,gini,tmr,rmse
train,xgb,0.6216581881055756,0.2625879805089334,2868.2305707664627
train,torch,0.5985150579498049,0.26908500270709257,2758.828363200785
train,mlp,0.595859802571582,0.26204656199242016,2771.009159426108
train,ols,0.5826258727067448,0.25121819166215487,2794.675311780312
test,xgb,0.597990326227148,0.26461038961038963,2871.9242147401583
test,torch,0.5828408237267413,0.2792207792207792,2751.196315215876
test,mlp,0.5822686408969595,0.2727272727272727,2760.556623101868
test,ols,0.5761304714267392,0.2556818181818182,2782.595385156332
