population,model,gini,rmse
train,xgb,0.6216581881055756,2868.2305707664627
train,torch,0.5985150579498049,2758.828363200785
train,ols,0.5826258727067448,2794.675311780312
test,xgb,0.597990326227148,2871.9242147401583
test,torch,0.5828408237267413,2751.196315215876
test,ols,0.5761304714267392,2782.595385156332
