population,model,gini,tmr,rmse
train,xgb,0.6216581881055756,0.2625879805089334,2868.2305707664627
train,torch,0.6011187770317692,0.27612344342176504,2758.8465415083124
train,mlp,0.595859802571582,0.26204656199242016,2771.009159426108
train,ols,0.5826258727067448,0.25121819166215487,2794.675311780312
test,xgb,0.597990326227148,0.26461038961038963,2871.9242147401583
test,mlp,0.5822686408969595,0.2727272727272727,2760.556623101868
test,torch,0.5812955587869015,0.2719155844155844,2750.4548783979094
test,ols,0.5761304714267392,0.2556818181818182,2782.595385156332
